﻿Designator,Footprint,Quantity,Value,LCSC Part #
"C1, C10, C12, C14, C2, C20, C24, C3, C5, C9",CAP_CL31_SAM,10,10uF,C13585
"C11, C6",0805,2,4.7uF,C1779
"C13, C15, C17, C19, C21, C28",CAPC1005X55N,6,100nF,C1525
C16,0201,1,10uF,C13585
"C18, C25, C27",CAPC3216X180N,3,1uF,C1848
"C22, C23",0201,2,220pF,C1603
C29,CAP_CL10_SAM,1,47nF,C1622
"C31, C4",CAP_CL21_SAM,2,10uF,C15850
C7,CAPC1608X90N,1,3.3uF,C51412
C8,1206,1,47uF,C96123
D1,0201,1,RX_STATUS_LED,C2286
D2,0201,1,TX_STATUS_LED,C2286
"D3, D4",0201,2,GP_LED,C2286
"FB1, FB2, FB3",L_Sunlord_MWSA0603S,3,GZ1608D601TF,
J2,SAMTEC_TS-110-G-A,1,USB_Header,C3333064
J3,GCT_USB4056-03-A_REVA2,1,USB4056-03-A_REVA2,C7407280
J4,CUI_MSD-4-A,1,MSD-4-A,C22367949
J5,SAMTEC_TS-110-G-A,1,SD_Header,C57369
J6,SAMTEC_TS-110-G-A,1,PowerBreakoutHeader,C57369
J7,SAMTEC_TS-110-G-A,1,BMS_Header,C57369
J8,SAMTEC_TS-110-G-A,1,Audio_Header,C57369
J9,SAMTEC_TS-110-G-A,1,GPIO_Header,C57369
L1,L_Wuerth_WE-GF-1210,1,1uH,C439775
"R1, R17, R18, R19, R2, R20, R21, R24, R25, R26, R27, R28, R29, R3, R4, R7",0201,16,10k,C25804
"R10, R9",0201,2,5.1k,
"R11, R12, R23, R8",0201,4,270,
"R13, R14, R15, R16, R30, R31",0201,6,22,
R22,0603,1,470Ω,
R5,0201,1,300,
R6,2512,1,10,C16861
U1,ESP32-S3-WROOM-1_EXP,1,ESP32-S3-WROOM-1-N4R8,
U10,QFN20_FT231XQ_FTD,1,FT231XQ-T,
U2,CIR_3TSSOP-10,1,CS4344-CZZR,
U3,PAM8302AASCR_DIO,1,PAM8302AASCR,
U4,SOT-223-3_TabPin2,1,AMS1117-3.3,
U5,SOT-223-3_TabPin2,1,AMS1117-5.0,
U6,VQFN24_RGE_TEX,1,BQ25887RGER,
"U7, U8, U9",CPDQ,3,CPDQ5V0-HF,
